{
  "project_info": {
    "project_number": "234409596666",
    "firebase_url": "https://shareit-6cac3.firebaseio.com",
    "project_id": "shareit-6cac3",
    "storage_bucket": "shareit-6cac3.appspot.com"
  },
  "client": [
    {
      "client_info": {
        "mobilesdk_app_id": "1:234409596666:android:1a44cf91286914de",
        "android_client_info": {
          "package_name": "ca.mohawk.taylor.shareit_capstoneproject"
        }
      },
      "oauth_client": [
        {
          "client_id": "234409596666-h8ma33bknqict3269o7ogvjam8c404vq.apps.googleusercontent.com",
          "client_type": 1,
          "android_info": {
            "package_name": "ca.mohawk.taylor.shareit_capstoneproject",
            "certificate_hash": "70e95548c59c9be1219db72f35549b30763ee27d"
          }
        },
        {
          "client_id": "234409596666-l0i9i3nn2dia4254lbsn1lvvqtbvsqtr.apps.googleusercontent.com",
          "client_type": 3
        }
      ],
      "api_key": [
        {
          "current_key": "AIzaSyDhnyBH-_Gtu7feJ4bQfSJe1BvqlyqY3go"
        }
      ],
      "services": {
        "analytics_service": {
          "status": 1
        },
        "appinvite_service": {
          "status": 2,
          "other_platform_oauth_client": [
            {
              "client_id": "234409596666-l0i9i3nn2dia4254lbsn1lvvqtbvsqtr.apps.googleusercontent.com",
              "client_type": 3
            }
          ]
        },
        "ads_service": {
          "status": 2
        }
      }
    }
  ],
  "configuration_version": "1"
}